{
    "token":"0bjoI8xydvZBtUU8HxdFQHiG0MtvSVK6sM4n5u2pvOCqTAeIJaRrDRKXyZ2zlisU",

    "bodyParameters":
        {
            "cluster": {
                "fullName": {
                    "orgId": "bc27608b-4809-4cac-9e04-578803963da3",
                    "location": "global",
                    "name": "attach-0807"
                },
                "objectMeta": {
                    "resourceVersion": "1",
                    "creationTime": "2020-01-07T22:49:46.994305Z"
                },
                "spec": {

                    "cluster_group_name": "default"

                }

            }

        }


}
